Date,Open,High,Low,Close,Volume
03-01-2017,239.6010491,241.9577748,236.7533377,240.4848175,15963085
04-01-2017,241.3686004,241.9577743,237.833497,238.520874,11225978
05-01-2017,240.583016,241.4667844,239.3064501,240.926712,11970913
06-01-2017,241.5649848,244.5108992,241.073999,241.4667816,12354302
09-01-2017,241.9577636,243.87262,241.564981,242.5960541,8329253
10-01-2017,243.234328,244.5108939,241.9577621,243.8235168,9352013
11-01-2017,245.1491668,248.6351685,244.5108914,247.6040955,13415303
12-01-2017,248.3405839,249.8626427,246.0329599,246.7203369,11282323
13-01-2017,247.4568226,248.0460115,244.6091112,246.3766479,9333736
16-01-2017,246.523943,251.7774814,246.180247,251.1392059,13234727
17-01-2017,252.8085753,253.9869231,249.8135442,251.3847046,9480201
18-01-2017,252.4648727,254.625192,251.973887,253.692337,8048897
19-01-2017,252.5630768,257.2765279,251.8756847,253.7414246,13029151
20-01-2017,253.8396255,255.8035685,245.7874624,246.523941,15341756
23-01-2017,246.4748349,250.599112,245.5910665,249.5680389,9339939
24-01-2017,250.5009259,252.3666657,249.4207513,250.3045197,13540202
25-01-2017,250.9428033,256.2945447,249.6171359,254.5270081,16343545
27-01-2017,255.607153,263.3647513,254.8215878,261.6463013,18039379
30-01-2017,261.0571155,263.070145,258.6512735,259.1913757,11884795
31-01-2017,256.441861,259.0931962,254.9689037,255.6562958,8899165
01-02-2017,257.2765379,266.99805,256.8837553,265.8197021,27253142
02-02-2017,266.948962,270.0421663,263.8557577,268.3728027,20139955
03-02-2017,268.0782148,273.5281446,267.0962434,272.5461731,15366890
06-02-2017,274.9520035,277.4069321,271.0241178,272.0551758,14725291
07-02-2017,272.8407755,274.9520081,271.3187017,272.8898621,10981984
08-02-2017,273.086283,274.2155443,267.6854397,272.2025146,13622088
09-02-2017,273.7736289,275.246586,265.9669738,270.8768311,16080181
10-02-2017,273.724554,277.7015265,270.0421609,271.3678284,37580487
13-02-2017,272.7916513,273.2335504,265.3286924,266.752533,19853043
14-02-2017,267.0962415,268.078213,263.2665587,265.3287048,13306738
15-02-2017,266.0652004,267.5872443,262.2354874,264.1012573,12201568
16-02-2017,272.0061058,272.0061058,264.7886092,265.623291,21794688
17-02-2017,266.2615552,268.7164838,262.8737716,264.4940186,17830528
20-02-2017,265.0340976,266.6543446,263.1683578,264.7886047,9229363
21-02-2017,265.1323101,266.6052674,263.8066426,265.8197021,7754157
22-02-2017,266.9980255,269.7475635,264.6413001,267.3908081,12617613
23-02-2017,266.8016525,268.0782034,264.7395065,265.5741882,13146194
27-02-2017,265.9178642,266.5561696,262.7755734,263.4138489,9645350
28-02-2017,264.0521313,266.3597703,263.1683629,264.3467407,7941592
01-03-2017,265.1322885,268.3727823,264.9358822,266.8507385,7656892
02-03-2017,268.0782063,269.7475697,261.6953919,262.480957,14220808
03-03-2017,261.4499232,264.0521418,259.4859802,260.2715454,10120034
06-03-2017,261.7936085,265.4760016,261.5481156,264.9850159,9515073
07-03-2017,265.9178688,266.016072,261.5972002,262.9719543,11599142
08-03-2017,262.9719421,265.4268707,261.2044055,265.0340881,9122987
09-03-2017,264.1503513,268.962006,263.5611624,268.3237305,15594429
10-03-2017,269.5511668,270.5822248,264.6413095,267.1453247,9557026
14-03-2017,273.3808488,273.3808488,268.8637741,269.6984558,15734886
15-03-2017,267.7345446,275.4430275,267.7345446,272.349823,20055974
16-03-2017,272.988067,275.1484162,271.0732107,274.2646179,18005184
17-03-2017,274.4119561,274.4610427,268.5692135,269.207489,14265642
20-03-2017,269.7966568,269.7966568,266.8998291,268.9619751,9678185
21-03-2017,269.452971,272.0551894,265.2795921,267.4399414,11898233
22-03-2017,265.4268763,266.1142683,261.9899761,262.6773682,9887203
23-03-2017,264.150318,264.5431006,261.8917957,263.6593323,7998170
24-03-2017,264.641306,273.9209482,263.8066243,271.5151062,20133467
27-03-2017,271.0241129,275.7375637,270.2385477,274.4119263,15966114
28-03-2017,275.5902895,277.7997254,273.4790568,277.0141602,18673371
29-03-2017,278.0451979,284.6735049,278.0451979,283.2496643,31008407
30-03-2017,283.7897658,288.4541305,283.6424761,285.8027954,19683170
31-03-2017,286.7356586,289.6815729,283.2987586,288.1104126,20185269
03-04-2017,289.4851761,290.3689744,286.9320743,287.8649292,10509610
05-04-2017,288.0122248,293.3639814,284.4280349,291.9892273,21936647
06-04-2017,290.1234748,292.1855908,286.195589,287.570343,18413111
07-04-2017,286.441064,289.4851513,282.464062,284.2316284,10765502
10-04-2017,284.5753226,285.1154248,281.3839152,284.1334534,10307875
11-04-2017,284.0843489,289.8288883,283.5933631,289.1906128,11682024
12-04-2017,288.6996333,290.123504,283.8879787,284.9190369,13251421
13-04-2017,285.0172113,287.8158359,284.7717185,286.2937622,9944020
17-04-2017,285.8519313,287.4721784,283.2987993,284.6735535,8146800
18-04-2017,285.8027933,291.5473326,283.2005748,285.0663147,13457050
19-04-2017,286.2937717,286.4901779,277.7997244,278.9289856,18149995
20-04-2017,278.781698,281.7276124,277.1123644,279.6654663,14514929
21-04-2017,281.8258169,281.8258169,274.2155378,277.1123657,12042308
24-04-2017,278.143436,282.6605111,275.8357969,280.8929443,10077853
25-04-2017,282.316815,283.593366,279.8618862,280.8929443,11531902
26-04-2017,281.9240115,284.280737,278.2416186,281.2857361,13836891
27-04-2017,281.2857561,282.7587134,275.9830858,276.9650574,22622372
28-04-2017,277.8979076,285.508186,277.4069219,284.5262146,14152004
02-05-2017,285.0172123,287.226648,281.9240082,283.102356,9754789
03-05-2017,284.1825348,287.9140443,280.6474315,284.5753174,13950914
04-05-2017,288.6996252,294.5914543,287.8158568,293.6585693,24534923
05-05-2017,295.5734009,299.4030834,286.8829477,290.6635437,34756331
08-05-2017,290.7617644,295.3279258,288.6014151,294.0022583,11560550
09-05-2017,295.4752095,295.4752095,289.9270767,291.154541,7843574
10-05-2017,291.645556,292.7748174,287.7176698,289.1415405,8699405
11-05-2017,290.5653284,294.0022283,289.1414879,292.7256775,11934889
12-05-2017,294.591443,297.1445748,290.6635571,292.5292969,13376269
15-05-2017,293.0202722,296.5553754,292.1365039,295.9661865,10383539
16-05-2017,296.5553945,302.8400062,293.953176,301.9562378,17533439
17-05-2017,302.4472116,303.2327768,299.992283,302.1035156,14120513
18-05-2017,299.3540211,302.3490222,296.5553963,297.4882813,15471393
19-05-2017,298.9612481,309.6156154,296.5554059,302.4472351,55250969
22-05-2017,303.3801082,303.8219774,287.914057,288.9942017,35771221
23-05-2017,289.6815744,290.5653427,282.0712958,283.6424561,19846852
24-05-2017,284.8208245,285.2136371,276.5722698,278.0452271,16435958
25-05-2017,279.0271918,286.0973984,278.4380029,284.8699341,15018467
26-05-2017,287.8424831,288.3379091,282.690041,285.8112488,12304394
29-05-2017,286.2571154,288.1892888,280.7083386,281.401947,10619968
30-05-2017,280.8074256,287.0993412,278.4789175,286.2075806,9643418
31-05-2017,286.3562061,288.8333359,284.5726847,285.6625977,10697171
01-06-2017,285.31583,288.7342511,281.99647,284.8204041,12186700
02-06-2017,287.2479759,287.8424931,283.7304635,284.4240417,12004368
05-06-2017,285.4148924,287.0993528,284.1267969,284.6222229,7917410
06-06-2017,289.3287692,290.2700906,283.9781747,284.6717529,12346121
07-06-2017,285.5635509,288.8333503,284.5726989,287.8920288,10864355
08-06-2017,289.3287599,289.3287599,285.1176392,285.9598694,8370299
09-06-2017,285.6625959,286.752539,283.1854661,285.9103088,10804887
12-06-2017,284.126783,284.374496,281.6991838,282.3432617,10326846
13-06-2017,282.7891348,284.3745039,280.4110962,281.2533264,9171049
14-06-2017,283.2845583,283.680893,280.0147591,281.6001282,11566255
15-06-2017,281.2533253,283.1854684,278.7761955,281.401947,11925641
16-06-2017,282.095572,284.0277152,280.6588245,283.334137,19246907
19-06-2017,283.9781638,287.1984325,282.6900381,286.2075806,14848661
20-06-2017,284.969037,288.3379277,282.9873331,287.446167,14927701
21-06-2017,285.6130789,289.7746693,285.6130789,288.2388306,10537576
22-06-2017,288.5856393,293.1930949,288.3874568,291.8059082,26110402
23-06-2017,292.0536001,292.8462695,285.1671673,286.3066711,20648597
27-06-2017,286.6039204,286.8021029,274.2678018,277.0917358,25523129
28-06-2017,275.0604943,275.9027245,271.2457085,273.87146,17241351
29-06-2017,274.6145969,276.7449224,269.1649114,269.9576111,30457363
30-06-2017,269.5117373,272.2365802,267.2327898,271.146637,12235472
03-07-2017,271.5925239,272.9797106,270.0566852,272.3356628,8951033
04-07-2017,272.484298,273.9210455,269.5612725,270.502594,7856082
05-07-2017,271.3943409,273.0788013,269.8585325,272.3851929,10048734
06-07-2017,272.5338015,280.1138426,272.0879362,278.4293823,16115817
07-07-2017,278.0330541,279.8165755,276.6458675,277.5376282,5914038
10-07-2017,281.501027,284.3744915,280.6092664,282.9377441,2095795
11-07-2017,284.8699319,287.0498183,280.4110982,280.9560547,12400820
12-07-2017,282.0955596,285.7616936,280.6092817,285.0185547,7524835
13-07-2017,286.2571117,287.3470549,283.9286037,286.10849,8434324
14-07-2017,286.1580305,290.914138,284.6222221,288.9324341,13750192
17-07-2017,290.1214281,291.4095537,287.0002506,290.3196106,10549310
18-07-2017,289.1801514,293.6885157,287.3470692,288.3379211,11913832
19-07-2017,288.8333305,291.3104602,288.7342392,290.6168518,9006728
20-07-2017,290.3196255,291.5581905,287.3966002,288.2883911,6256500
21-07-2017,288.3874541,289.5269581,285.6130807,287.9911194,7266604
24-07-2017,288.1397433,293.5894292,288.0406823,291.8554382,11195781
25-07-2017,293.2921746,294.5802701,291.9545185,293.3912659,10846999
26-07-2017,293.5398896,296.9087802,292.5490377,293.0939941,12527914
27-07-2017,294.2830408,297.106975,293.4903713,295.620697,22286060
28-07-2017,294.2830354,297.9987303,292.8958487,296.3638306,15766196
31-07-2017,296.6610687,310.9788915,295.273882,309.6412354,41547584
01-08-2017,311.127508,311.9201774,305.1328659,306.1732483,14888804
02-08-2017,307.1641098,308.9476312,302.5070934,304.8851624,17005571
03-08-2017,304.1915442,304.5878789,296.3638199,297.8005371,14459919
04-08-2017,297.5528209,303.4979325,294.8775389,302.45755,9615344
07-08-2017,303.0025245,308.9476364,302.3584768,308.3531494,11420767
08-08-2017,308.1549604,308.9476298,298.4446232,300.8721924,13578680
09-08-2017,299.9804108,304.6374268,297.3546594,299.5345154,15852734
10-08-2017,298.4446125,299.6336166,289.3287627,293.9857788,14519518
11-08-2017,291.8058892,300.2281305,274.9118762,277.5871582,67652562
14-08-2017,278.8752982,279.8165894,273.9705689,275.6550293,23773509
16-08-2017,276.4972243,281.3028623,271.6916166,280.5101929,21074533
17-08-2017,281.2037567,282.0955476,277.4385316,278.2807617,12134114
18-08-2017,275.4568432,277.0917429,273.4751393,276.1504517,12653217
21-08-2017,276.4476937,278.0825934,270.8493863,272.1374817,9247153
22-08-2017,273.4751433,274.4659953,268.719066,271.3943481,11814388
23-08-2017,272.2365721,277.1413013,271.6916156,276.4476929,11317821
24-08-2017,277.1412919,278.8752827,274.9614056,277.7357788,14138226
28-08-2017,279.5193375,279.5193375,276.4476904,276.7944946,10505317
29-08-2017,275.9027202,278.2807587,273.5246515,274.4659729,10335964
30-08-2017,275.4568277,276.6953926,273.4751239,274.0696411,7648702
31-08-2017,274.3173762,276.9431279,271.6916245,275.209137,14222467
01-09-2017,275.110045,277.834888,274.0696626,275.3082275,8255209
04-09-2017,276.3981714,277.0422192,273.8714807,275.209137,7168751
05-09-2017,275.5559192,276.9431058,273.4255936,274.0200806,9565430
06-09-2017,273.4256103,274.1191886,271.1466327,271.7411499,7306781
07-09-2017,272.8806241,274.366902,270.6016767,271.6916199,16102724
08-09-2017,272.3851846,272.8806105,268.6199594,269.3135376,7077895
11-09-2017,270.1062436,270.9980043,267.0841271,268.471344,14489224
12-09-2017,269.5117389,273.1283425,268.0254609,270.9484863,8375133
13-09-2017,272.4347645,274.0696642,270.007165,270.8989258,10150073
14-09-2017,270.8989202,273.0788066,269.808977,271.6916199,8015217
15-09-2017,268.2731574,271.9888521,267.4309273,269.0162964,18404860
18-09-2017,270.5025822,271.4934341,266.9850699,267.9263611,17538678
19-09-2017,267.9759099,268.3226839,264.0125023,265.3501282,14331316
20-09-2017,265.6969467,269.5612632,265.0033684,267.5795593,12355806
21-09-2017,267.2822965,268.9171961,264.9042581,266.0437317,8509419
22-09-2017,264.8051843,264.9538061,258.7114509,259.4545898,12860892
25-09-2017,259.1077774,259.4050208,252.0727227,256.3829346,13937050
26-09-2017,256.1352252,257.2746989,253.6580954,255.8875122,11728345
27-09-2017,257.5224072,257.5224072,247.2175533,248.109314,17080769
28-09-2017,247.9606921,251.2305065,247.2175532,250.2396545,17776419
29-09-2017,252.3699861,253.1626706,250.7350864,251.527771,10073641
03-10-2017,254.0544345,254.0544345,248.3075053,249.0010986,10547836
04-10-2017,249.3478892,252.3204451,249.0506457,250.8837128,14063896
05-10-2017,251.3791351,251.775485,246.9203014,249.2983551,13476692
06-10-2017,249.843305,255.5407035,249.7937745,254.4012299,11932139
09-10-2017,254.4507597,256.2343113,251.9240994,254.5003204,8009211
10-10-2017,254.5003198,255.8379759,253.360831,254.599411,9742878
11-10-2017,254.7975701,256.0856958,248.1588652,249.4469757,14192548
12-10-2017,249.6946926,250.635999,246.2267108,248.9020081,13404759
13-10-2017,248.8029255,253.0140462,247.9111497,249.7937775,15697555
16-10-2017,252.2709076,252.3699837,247.8120739,249.7442322,12171830
17-10-2017,249.7442386,252.3699902,248.3570368,248.8524628,13505216
18-10-2017,243.7495737,245.5331102,240.3311376,241.5201569,20677891
19-10-2017,241.5697097,243.006442,238.943943,240.5293121,3458869
23-10-2017,241.7678692,244.740425,240.083424,243.7000275,8901335
24-10-2017,243.749573,252.9644989,243.7000273,252.1222687,17197805
25-10-2017,277.2899268,325.048973,277.2899268,321.9277954,262677081
26-10-2017,326.9811478,348.0862826,314.5954983,317.5680542,112804243
27-10-2017,317.3203487,320.6397089,307.263207,308.2044983,27580765
30-10-2017,309.145813,319.4011369,307.7586263,309.145813,28530254
31-10-2017,310.1366483,310.9788785,301.5162246,303.0025024,16455750
01-11-2017,306.569596,318.5093804,306.569596,316.9240112,34907283
02-11-2017,317.0726114,320.1937889,310.6816045,311.4743042,23110527
03-11-2017,312.5642619,324.5040159,309.7403278,322.026886,26898400
06-11-2017,320.6397009,326.9811474,318.5093752,325.9902954,17143407
07-11-2017,325.9407586,328.6656015,312.6137879,314.2982483,21883541
08-11-2017,315.0909115,316.3790069,303.8447362,306.7182007,20242447
09-11-2017,310.2852745,315.0909124,305.3805756,310.8302612,21846178
10-11-2017,312.1183656,335.4033865,306.6686798,330.4986572,82984969
13-11-2017,333.6693829,341.6457287,326.7334195,328.0215149,38777555
14-11-2017,327.3279509,331.638163,324.5040168,326.089386,25647162
15-11-2017,324.9994423,328.12062,319.3020436,321.977356,17389606
16-11-2017,324.4049249,331.1427363,320.68923,330.3500366,22506014
17-11-2017,341.8439263,343.5283868,332.9262587,334.4125366,26518142
20-11-2017,334.0162039,334.0657344,328.2197139,329.9537048,13507662
21-11-2017,331.935395,332.3317298,326.9811354,327.6251831,14189920
22-11-2017,327.8233626,336.5428474,324.0085767,332.2326355,22861716
23-11-2017,332.4308207,333.5702944,328.6160348,331.8858643,13338423
24-11-2017,332.9262651,333.917117,328.4674312,329.3591919,11716981
27-11-2017,326.8820388,333.9170934,325.0489567,332.5794373,13114683
28-11-2017,332.9262372,333.6198456,328.1701602,328.9628296,16054996
29-11-2017,329.3096562,331.7867861,324.2067746,325.8912048,11264624
30-11-2017,322.8195587,323.5131671,315.5863514,317.4194336,27276288
01-12-2017,318.5589011,319.3515705,308.4026686,309.8889465,16425620
04-12-2017,311.8211138,313.0596787,308.3035713,310.7311707,13887727
05-12-2017,309.6412186,317.7662163,305.9750545,316.1808472,15130931
06-12-2017,313.8028263,314.4964046,308.6503841,309.5421448,18658202
07-12-2017,309.6412376,314.8432104,309.5917071,313.5055542,12278558
08-12-2017,313.7037301,315.9331469,309.2448964,310.2357483,16418832
11-12-2017,313.0596746,316.3790043,312.2174444,315.4872437,14014369
12-12-2017,314.8431958,317.5680385,311.7715488,315.5368042,17658856
13-12-2017,313.257833,316.0322365,308.3035733,310.4338989,17540585
14-12-2017,311.4247459,312.5146891,306.6686688,311.1275024,13894451
15-12-2017,315.4872577,316.4285791,308.6503852,309.3935242,16050711
18-12-2017,305.1823863,320.5405908,297.6519058,315.982666,32119915
19-12-2017,316.5276767,319.3020501,315.487264,316.8744507,14741481
20-12-2017,316.0817674,316.0817674,313.6046376,314.5954895,9895770
21-12-2017,313.7037342,315.2891034,312.5146998,313.852356,9916409
22-12-2017,314.1991683,320.8874191,313.6046511,316.9240112,13821639
26-12-2017,315.6854352,317.0230913,313.4064575,314.2486877,9329690
27-12-2017,313.6046261,317.3698513,310.186175,311.9697266,14276027
28-12-2017,312.4156078,313.6046422,304.8355964,305.5787354,20353152
29-12-2017,307.1640937,309.1457975,306.2227723,307.0650024,11939569
01-01-2018,307.7586313,309.8889571,303.4979497,304.2906494,12182400
02-01-2018,306.1732594,306.1732594,298.5932479,300.4758606,14797364
03-01-2018,302.507098,303.646602,299.3859203,300.0795288,13857373
04-01-2018,301.7144181,307.3622863,300.376762,305.6778259,24517099
05-01-2018,308.5512753,308.5512753,302.8043464,303.5474854,14580575
08-01-2018,304.3897193,306.6686666,302.209833,303.0025024,13557197
09-01-2018,304.6869737,306.6686776,300.5253834,301.5162354,15574755
10-01-2018,301.8630323,303.0520667,297.2555769,298.34552,13064599
11-01-2018,298.1473297,300.2281247,297.2555691,299.4354553,12298455
12-01-2018,301.8630239,301.8630239,297.800525,299.4849854,17594228
15-01-2018,301.1694739,302.4575693,298.7914049,299.8318176,18189668
16-01-2018,299.6336205,300.574942,292.5985657,293.4407959,18040940
17-01-2018,293.2921864,305.5787449,289.9232957,304.2906494,26277307
18-01-2018,312.1183713,314.8927447,297.7510177,300.4758606,40000111
19-01-2018,301.1694563,307.1640984,299.7327089,306.4209595,18461642
22-01-2018,305.529188,305.9255227,301.2685067,303.696106,12622645
23-01-2018,303.5970229,317.6175715,303.5474924,315.1900024,35252217
24-01-2018,314.793674,328.56651,313.3073961,326.8820496,38070520
25-01-2018,329.7059824,329.7059824,308.9971829,310.2852783,42466150
29-01-2018,310.285286,314.0009809,308.1549604,309.2449036,23600898
30-01-2018,309.1953322,315.9331435,308.1549498,310.6816101,25810404
31-01-2018,310.1366559,313.7037289,305.0337745,310.3843689,16409938
01-02-2018,314.0009628,314.4963888,302.2098312,303.2502136,19515991
02-02-2018,300.1290378,302.9529718,292.7967397,294.6298218,23274673
05-02-2018,289.9728006,297.6519028,287.3470491,295.3233948,18940578
06-02-2018,282.3928041,294.5802709,280.3120089,289.0810547,30577218
07-02-2018,293.8866849,295.1747803,287.3470562,290.1214294,21463818
08-02-2018,290.22052,300.5253738,289.8737157,298.6427612,18932796
09-02-2018,294.2830243,297.8500973,292.3013204,293.6885071,15750824
12-02-2018,285.613064,289.7250934,282.5414171,286.10849,50839665
14-02-2018,286.0589582,286.0589582,272.4842749,273.6733093,45641149
15-02-2018,272.2861048,279.7174945,271.7411484,276.1504517,26058237
16-02-2018,277.9339625,278.6275709,267.5795479,269.164917,30338112
19-02-2018,269.0162874,269.5117133,254.3021308,266.0437317,43847791
20-02-2018,266.5391798,271.6916221,262.3775894,267.1832275,33458021
21-02-2018,269.7099222,271.5925349,264.9538145,270.7998352,23714454
22-02-2018,267.9263454,271.0970836,266.9850543,270.1062317,25584062
23-02-2018,270.9484674,274.6641621,270.007146,273.5246582,15482147
26-02-2018,277.4385473,277.4385473,271.3448138,271.9393311,15306032
27-02-2018,270.5025718,273.3760363,263.5170779,265.1519775,20824909
28-02-2018,261.8326147,267.2327697,258.4141635,265.5483093,26810799
01-03-2018,263.8638606,267.5300249,258.8600704,259.7518311,22859175
05-03-2018,258.0673913,262.5757554,256.382931,261.0894775,18484565
06-03-2018,263.4179897,263.5666115,252.6672403,254.2030487,20778164
07-03-2018,252.7167966,253.0140552,243.7991289,244.393631,31262500
08-03-2018,244.7404232,255.5902638,242.0651261,254.4507599,33133336
09-03-2018,254.6489529,255.0452876,249.3478889,250.9332581,21536191
12-03-2018,251.7754912,252.9149649,244.9881492,250.5369263,25332474
13-03-2018,249.0010894,259.9995366,247.3166442,252.3699799,37647221
14-03-2018,250.190122,255.491186,247.712992,254.6984863,25471485
15-03-2018,254.6489496,256.432471,250.2396614,251.3791351,18339890
16-03-2018,248.3570286,253.3608339,247.8120722,249.9919434,25728297
19-03-2018,250.5864462,251.2800546,243.8486652,245.6817322,18167594
20-03-2018,244.5918111,249.9424056,243.1055332,246.821228,20556571
21-03-2018,249.4469722,251.9736476,244.8395168,245.7312775,19533972
22-03-2018,244.7404262,245.0872305,238.4485104,239.3402863,26828240
23-03-2018,235.6245944,237.4576614,230.2244543,232.6520386,27150262
26-03-2018,232.6024997,245.5826666,232.1070738,244.2450104,30373940
27-03-2018,247.7129814,253.162667,245.7312776,252.0231934,31205051
28-03-2018,249.6946867,253.8562769,246.4248723,247.6138916,36673566
02-04-2018,249.4965158,249.6946831,242.6596285,243.8981934,14993188
03-04-2018,247.2670982,250.487367,245.9789877,248.2084045,19883309
04-04-2018,249.3974317,250.6855423,243.2541527,245.0376892,18824449
05-04-2018,250.2891973,259.504108,247.7129763,256.927887,22880821
06-04-2018,257.2746885,259.0582401,252.5186115,257.3242493,24868860
09-04-2018,258.265564,260.3463592,255.2434775,258.265564,20208874
10-04-2018,258.7114403,262.5757567,256.1352193,260.8912964,21201141
11-04-2018,260.5940676,260.5940676,253.9553474,254.6984863,14885838
12-04-2018,255.1443749,255.1443749,249.9424022,251.4782257,18660913
13-04-2018,251.6763984,253.6085567,247.4157319,248.6542969,25654020
16-04-2018,247.0689417,249.0011,244.8395248,246.7221375,16408377
17-04-2018,249.1001668,250.19011,244.3440897,245.8798981,15922452
18-04-2018,247.2175512,247.6138859,243.0559762,244.1954498,16142387
19-04-2018,244.8395148,246.1771558,242.9568871,243.8981934,13166927
20-04-2018,243.6009551,243.6009551,237.3090392,238.9934845,15546939
23-04-2018,239.6870841,242.6101094,237.110878,240.2320557,12111837
24-04-2018,239.7861735,241.1733602,237.4081349,238.3989868,9486349
25-04-2018,237.5072049,238.5476025,234.5841947,235.0300751,13124853
26-04-2018,236.2190926,236.6154425,230.3730723,231.0666656,24495144
27-04-2018,231.1162197,243.5514148,231.1162197,240.3806915,31401889
30-04-2018,242.5605506,247.4157189,242.263292,244.1459045,17263193
02-05-2018,243.6504871,244.0468369,237.5567537,238.7953186,12887066
03-05-2018,238.7457665,241.1733506,236.5658953,239.6870728,12939642
04-05-2018,241.2724415,241.6687763,238.151264,239.736618,12777310
07-05-2018,240.2320569,245.9294557,239.8357221,244.2450104,15122614
08-05-2018,245.731278,250.2892029,242.3623875,247.7625275,23293920
09-05-2018,247.514814,247.514814,244.0468322,245.7312775,11429823
10-05-2018,245.9789908,247.911149,244.0468325,245.6817322,13160967
11-05-2018,245.3349412,249.2983488,243.7991177,248.0597839,11958589
14-05-2018,247.6634411,253.4599311,245.8799046,251.2800598,18673849
15-05-2018,250.6855371,255.0948403,243.6504824,245.7312775,18026861
16-05-2018,243.2541525,246.4248757,238.398984,240.8761139,17222004
17-05-2018,241.9660448,243.7495813,238.9439433,240.4797668,11721064
18-05-2018,240.7770228,241.7678748,235.6741413,236.6649933,11873041
21-05-2018,241.3219997,243.501871,238.1017308,242.2137604,18780730
22-05-2018,241.4210687,257.3242604,238.7953171,251.577301,68713602
23-05-2018,252.3204343,267.2823043,251.9736452,260.7922363,71202072
24-05-2018,261.4362765,267.232766,258.2655383,266.0437317,34679642
25-05-2018,265.3501345,265.9446517,260.1481619,264.5079346,22317308
28-05-2018,264.9537935,271.6916046,263.6161373,269.5612488,18959368
29-05-2018,268.0254349,268.4713303,260.3958633,261.8821411,16107543
30-05-2018,258.116926,265.5483154,257.5719695,264.7060852,19320209
31-05-2018,264.4088548,272.2861098,260.7426904,267.084137,31935892
01-06-2018,266.7868837,267.3318402,262.1794283,264.2602234,16574717
04-06-2018,265.5483148,265.895119,258.9095948,260.5940552,12933824
05-06-2018,258.5132561,262.8234679,258.5132561,261.1390076,14102731
06-06-2018,260.5940645,268.9172148,259.801395,267.6786499,18315171
07-06-2018,268.5704142,270.4034964,265.9446626,267.1832275,18773700
08-06-2018,266.4896555,271.3943547,264.557482,270.502594,14096549
11-06-2018,270.7998302,275.8531813,270.6512085,271.4934387,18219428
12-06-2018,271.4934358,281.7982901,271.4934358,280.2624817,31358021
13-06-2018,281.401951,287.0002584,281.0551467,285.0681152,26748300
14-06-2018,283.9286176,283.9286176,278.7266448,280.0147705,18513730
15-06-2018,280.1633992,280.8570077,274.0696655,274.9118958,16949917
18-06-2018,275.4568259,277.1908167,272.9301657,274.3173523,13542420
19-06-2018,273.4751221,274.1687305,267.2822978,270.1062317,20726975
20-06-2018,270.7007742,272.2365827,268.619979,270.7998352,14002946
21-06-2018,272.2365548,272.2365548,265.6473959,266.1923523,12954943
22-06-2018,266.5391856,271.196202,263.3189166,270.552124,20784133
25-06-2018,269.363092,270.6511874,264.7556368,265.9942017,10934401
26-06-2018,264.8051746,268.7190518,262.9720926,264.9537964,16867009
27-06-2018,264.9042767,264.9042767,258.6123608,259.3059692,16277655
28-06-2018,258.0178315,259.6032006,253.3608305,254.648941,21349738
29-06-2018,255.8875044,261.0399464,255.8379739,256.9774475,16244724
02-07-2018,256.5811164,259.3554897,251.6763873,256.4820251,21896701
03-07-2018,257.2251738,258.5132693,254.0544355,255.1443787,16099030
04-07-2018,253.4103882,255.9866093,252.1718233,255.0948486,14206935
05-07-2018,255.5407058,256.3334055,252.815863,254.1039886,11215032
06-07-2018,253.7571942,258.4141803,253.2122226,254.8471375,16174019
09-07-2018,255.8379882,259.9995483,255.5902752,259.1573181,13220744
10-07-2018,261.43628,263.3188925,259.9995326,261.3371887,11487165
11-07-2018,260.2472485,260.2472485,255.5407019,256.7297363,12857179
12-07-2018,259.0086878,262.0803349,258.7609749,260.346344,10642215
13-07-2018,259.7023019,259.9995454,254.4507684,255.3920898,11976239
16-07-2018,254.6489496,255.1443755,248.7038379,249.2983551,8965623
17-07-2018,248.4065714,257.4728755,248.1588584,256.6801758,16067598
18-07-2018,257.7205848,260.0986233,253.8067077,257.1755981,17641125
19-07-2018,257.026972,261.0894707,253.8562641,257.8196716,9958284
20-07-2018,257.5224189,260.594066,256.1847627,259.1077881,6120163
23-07-2018,259.6032096,265.0528953,258.2160229,263.9134216,17013119
24-07-2018,264.7556482,266.7373521,263.1207183,264.408844,9320281
25-07-2018,265.5483122,270.3539501,263.2198042,269.3630981,13099277
26-07-2018,272.5833747,286.7525454,271.691614,285.0681152,53496546
27-07-2018,286.8516434,294.2830332,282.4919008,284.1268005,32175436
30-07-2018,286.5543843,296.8096774,286.5543843,294.6793518,40949610
31-07-2018,294.2830146,299.6336088,289.1305726,290.815033,36510328
01-08-2018,291.8059039,295.2738858,285.7121704,292.4004211,33885474
02-08-2018,290.3196041,293.6884945,287.8920049,291.2113647,15665209
03-08-2018,291.9049956,297.2060596,291.8059043,296.5124512,18254462
06-08-2018,297.8501016,308.50176,297.8501016,305.6778259,31576923
07-08-2018,307.0154836,308.8485658,300.2776722,301.2685242,23928622
08-08-2018,301.2685214,308.0558632,300.2776694,305.8760071,20498279
09-08-2018,310.0871259,316.9239983,307.3127224,314.4963989,46464355
10-08-2018,314.744114,323.4140685,297.7510092,301.6648865,111510771
13-08-2018,293.2921887,300.0299701,288.43702,291.4591064,58127432
14-08-2018,293.9857917,296.2152086,290.6664315,292.20224,25294933
16-08-2018,290.8150388,295.6702072,287.5947701,290.0223694,31083900
17-08-2018,292.3013102,299.9308819,291.3599888,299.3363647,21931134
20-08-2018,301.3180894,305.8760145,300.8226634,304.8356018,20240462
21-08-2018,305.4796543,306.0246411,300.5749551,304.1915588,14139592
23-08-2018,304.142,304.142,295.571107,299.6831665,22721004
24-08-2018,297.8500988,302.9034497,296.2647296,297.7014771,18869585
27-08-2018,301.2189957,307.5109117,300.5253873,305.1824036,28111768
28-08-2018,305.2319227,307.411809,300.6244673,302.5566406,16890236
29-08-2018,303.993357,309.1457991,302.9529746,306.8668518,24320824
30-08-2018,306.4704947,307.6595292,303.2006954,305.7769165,19935935
31-08-2018,305.0833009,307.8081437,301.7639409,306.7677612,18100140
03-09-2018,309.6412185,309.6412185,302.0116468,303.5474854,14708076
04-09-2018,303.9933611,304.6374391,292.7472159,293.6885071,42859084
05-09-2018,293.7875972,296.1161053,287.7433944,293.8371277,22922686
06-09-2018,295.273876,297.1069582,291.8058943,293.7380676,18001336
07-09-2018,293.1930849,293.1930849,286.802108,288.9819641,23716678
10-09-2018,287.9911001,290.5673211,281.2037585,282.2441711,23354395
11-09-2018,284.7213173,288.7838164,279.073449,280.0147705,28361400
12-09-2018,281.4019376,284.0772498,277.43853,282.690033,22717796
14-09-2018,287.4461629,289.1305931,286.0589762,287.9911194,15149585
17-09-2018,285.8607711,285.8607711,281.5010288,282.690033,16089996
18-09-2018,282.3928117,284.2754244,269.9080709,271.2952576,33901000
19-09-2018,272.8806128,280.2624717,268.0254445,269.0162964,40759431
21-09-2018,271.6916153,276.893588,251.0818767,268.1245422,39308482
24-09-2018,270.2053209,270.5025644,260.1977109,261.9317017,24633374
25-09-2018,261.5849111,270.4530481,258.4141728,268.4217834,28948831
26-09-2018,271.49342,271.49342,260.3463362,261.4362793,23951904
27-09-2018,262.0803467,266.1428458,261.3372077,262.9225769,24829383
28-09-2018,263.9629582,270.9980133,260.0986416,263.0711975,33803139
01-10-2018,263.0711981,272.6824743,261.6840114,271.3448181,17711738
03-10-2018,270.8493772,276.1504409,268.1245344,269.2144775,19714943
04-10-2018,265.4987853,270.2053319,263.2693685,268.8676758,17754204
05-10-2018,268.5208737,268.5208737,253.6580947,255.9866028,36628643
08-10-2018,257.3737969,266.0437516,255.9866102,263.3189087,21100804
09-10-2018,265.5483153,265.696937,257.6214999,260.5445251,16010883
10-10-2018,259.2068774,277.8844428,258.8105426,276.1008911,31772330
11-10-2018,265.548321,269.0163028,258.2160226,259.7518311,46291120
12-10-2018,263.5666055,265.4492181,259.1077719,261.3371887,42967696
15-10-2018,261.9812405,263.2693661,258.7114413,260.7922363,21965859
16-10-2018,262.1794325,268.3722572,260.9408676,267.8272705,33597068
17-10-2018,271.2457272,272.4842922,257.6215126,258.7609863,21631573
19-10-2018,257.3242696,261.7831035,255.7389004,258.7114563,28474307
22-10-2018,263.5666305,263.5666305,257.076562,257.9683228,19933462
23-10-2018,255.6398027,256.6306546,252.6672468,253.3112946,20206307
24-10-2018,257.8692192,259.4050276,250.4873752,253.3608398,25636533
25-10-2018,252.1718192,252.6672452,246.1276163,247.2671051,33066232
26-10-2018,249.6946845,250.1901105,245.1367596,245.830368,20543437
29-10-2018,247.7129757,266.7868749,246.1276066,265.4492188,37768359
30-10-2018,265.0529069,276.546796,263.5666289,270.6512146,33401683
31-10-2018,272.4842979,280.1634009,266.1428512,278.8257446,28137370
01-11-2018,280.4111117,286.3562236,276.299082,283.2845764,29144808
02-11-2018,285.2662537,290.121422,280.609268,282.7395935,27760214
05-11-2018,283.8295588,297.2555909,280.9065334,292.2518005,44619891
06-11-2018,293.3912748,295.571131,281.3028687,283.8295593,40688243
07-11-2018,286.2571276,286.2571276,283.3341324,283.9286194,3312160
09-11-2018,284.3745083,284.8699342,279.866144,280.6588135,19201007
12-11-2018,281.104717,281.104717,274.3173749,275.4073181,24044907
13-11-2018,273.7723872,277.1413081,270.8493921,275.5063782,25633628
14-11-2018,277.8348769,285.0681142,275.4568383,281.0056152,52674807
15-11-2018,281.2533152,284.4240231,278.578003,282.7891235,18445463
16-11-2018,283.2845707,289.1305913,280.0147714,288.2388306,24805910
19-11-2018,290.8150409,290.8150409,283.433182,285.5139771,13799970
20-11-2018,283.2845637,285.9103153,279.9156732,280.8569946,12900924
21-11-2018,280.8569989,286.9011716,280.4606339,284.4240417,16167419
22-11-2018,283.33413,284.4240429,279.0239179,280.1138611,12066797
26-11-2018,281.5010513,284.622229,277.0422175,283.7799988,16846820
27-11-2018,281.9964559,287.8424761,281.4514693,286.752533,21242956
28-11-2018,286.7525372,289.7746537,280.411091,281.9468994,19837609
29-11-2018,286.6534635,287.0002677,281.6496731,283.7799988,27919104
30-11-2018,286.1580194,288.2388144,280.6092729,282.04599,17583510
03-12-2018,284.0772696,285.2662738,280.6588182,284.1763306,15772176
04-12-2018,285.3158348,285.3158348,279.3211622,279.96521,11897307
05-12-2018,279.8661358,280.6092747,274.5155112,277.5871582,14893748
06-12-2018,275.4568345,276.6953994,272.58337,273.1283264,11083451
07-12-2018,274.4659844,274.8127886,269.610816,272.8806152,10165275
10-12-2018,268.5208815,273.871476,267.6786513,271.6916199,11947887
11-12-2018,265.8951102,280.6587973,265.8951102,278.6770935,30927239
12-12-2018,281.1542251,283.2350201,279.6184167,282.6405029,21765939
13-12-2018,287.3470531,291.3104607,283.1359325,286.3562012,24097152
14-12-2018,285.8607739,288.1397212,284.4240265,286.5543823,12156361
17-12-2018,286.6534411,288.7837968,284.6717373,286.8516235,12728014
18-12-2018,285.2167311,291.3104643,284.3745009,290.0718994,13606582
19-12-2018,292.0040766,299.2372836,292.0040766,297.9491882,26124125
20-12-2018,295.6206666,298.8904657,290.4682247,291.3599854,19222232
21-12-2018,290.9636662,293.7876003,288.1397321,289.2296753,15777301
24-12-2018,290.8150361,292.3013139,287.4956761,290.3691406,12048877
26-12-2018,290.171011,292.3013367,284.5231425,291.4591064,12684324
27-12-2018,293.9857809,294.8775416,288.8333388,289.4773865,15304564
28-12-2018,290.9141452,294.3821271,290.8645844,292.1031494,12876558
31-12-2018,294.4812104,295.5215928,292.79675,293.1930847,9526067
01-01-2019,294.7784578,297.9491961,291.1618542,296.8592529,11837127
02-01-2019,296.3638067,299.7326971,290.4186953,291.2113647,25559853
03-01-2019,292.3013283,292.8462848,287.4461598,288.4370117,17548347
04-01-2019,289.427847,296.2647191,288.8333298,294.927063,19514041
07-01-2019,298.2959632,298.7418587,292.4995036,293.5894165,14579399
08-01-2019,293.0939868,303.2006885,292.0536044,302.5070801,22949961
09-01-2019,303.2006885,304.2906317,297.9987159,302.5070801,21109911
10-01-2019,302.308926,304.6869646,300.7235569,302.7547913,16295468
11-01-2019,302.6061899,303.3988897,298.1969168,299.9804382,12702551
14-01-2019,298.2464337,300.8226548,296.8096863,297.6519165,10372933
15-01-2019,299.2372766,300.8226457,298.345516,298.8904724,9444374
16-01-2019,300.2281483,303.8447519,299.3363875,300.37677,12111480
17-01-2019,301.1198892,301.5657847,292.8958305,294.6793518,15974634
18-01-2019,296.0170259,297.1069691,291.5581921,292.2518005,9082501
21-01-2019,293.1930792,294.0353094,288.7838063,289.7746582,10188647
22-01-2019,290.3196305,290.3196305,285.5635531,287.5947876,11297989
23-01-2019,287.7929656,290.2700955,282.8882362,284.02771,10304608
24-01-2019,284.0276998,287.2479686,282.8882261,285.4148865,11532528
25-01-2019,286.9507136,288.3379002,280.6092675,282.7891235,11121223
28-01-2019,283.0368642,283.9781857,274.7632441,279.0239258,18905470
29-01-2019,278.4293853,283.3836448,274.0200822,278.0330505,17435611
30-01-2019,278.6275794,286.7525472,277.6862579,284.8204041,18908654
31-01-2019,287.3470502,292.1031272,285.3653464,290.9636536,25546487
01-02-2019,294.1839278,299.930887,279.4202403,281.7982788,60015958
04-02-2019,279.8165784,282.5909819,275.3082142,281.352417,20642919
05-02-2019,281.6001248,284.374498,280.4110904,282.04599,13291133
06-02-2019,283.2350232,287.0993396,280.9065152,286.4057312,12149759
07-02-2019,286.7525474,291.3104724,283.978174,284.7708435,19733315
08-02-2019,282.9873322,285.365371,279.6184416,283.383667,19781908
11-02-2019,283.334115,283.334115,277.438534,277.93396,15420017
12-02-2019,278.0825879,279.6184265,272.1374763,272.8806152,15326106
14-02-2019,265.5483159,265.8951201,261.2381039,264.6565552,26372671
15-02-2019,266.3905454,266.3905454,258.9095953,260.5445251,23366091
18-02-2019,261.9812332,263.0711763,256.4324566,257.5719604,14781744
19-02-2019,258.5132608,265.0528895,257.9187436,260.4949646,19064306
20-02-2019,262.0803299,265.8455551,261.8821474,265.2510681,15514595
21-02-2019,267.8272566,268.520865,264.8547009,265.5483093,13760702
22-02-2019,265.4492274,269.4126352,265.151984,268.471344,12536918
25-02-2019,268.8181236,268.9172148,265.449233,267.6786499,20793897
26-02-2019,264.3592869,265.7465038,260.8417746,263.9134216,15274303
27-02-2019,265.5483118,270.2053279,264.1115644,265.2015076,20571652
28-02-2019,265.2510886,268.3227056,265.2015279,266.5887146,31636468
01-03-2019,268.074995,272.0879637,267.6291297,270.453064,20024726
05-03-2019,269.214474,275.3082071,268.719048,273.9210205,21533972
06-03-2019,274.763239,279.9652118,273.921039,275.5559387,22161376
07-03-2019,276.8935989,279.9156854,275.1100472,279.1725464,14899105
08-03-2019,279.2716112,281.6496496,277.0421944,278.6275635,19943319
11-03-2019,282.6900488,286.3562131,280.9065274,284.7213135,22931245
12-03-2019,286.5543988,287.247977,283.1359474,284.2754211,20828136
13-03-2019,285.4644412,291.7067961,282.0955507,290.4682312,23725641
14-03-2019,291.8058964,292.0040789,288.0902016,289.2296753,16164017
15-03-2019,289.9232976,298.5436918,289.8242064,295.6702271,37928480
18-03-2019,296.1656492,298.1473532,291.9545283,296.21521,23782967
19-03-2019,297.4042148,303.7952221,296.4133628,300.2776794,27218691
20-03-2019,300.029961,301.8630432,297.3051181,301.020813,18820555
22-03-2019,301.5162191,303.5970141,294.2334819,295.3233948,17865957
25-03-2019,291.3104553,292.7472027,289.526934,291.3104553,16895511
26-03-2019,292.0536171,302.2098497,292.0536171,300.7235718,18303791
27-03-2019,302.4575548,308.0063318,301.5657941,305.9750671,35956450
28-03-2019,307.2631807,336.5428423,306.2227681,316.0817566,63244736
01-04-2019,318.8561334,324.6526232,318.1129945,319.7974548,22372357
02-04-2019,320.6892314,327.9719993,319.1534229,325.9902954,27897583
03-04-2019,327.9719998,329.4087473,316.5772022,317.5680542,30552104
04-04-2019,318.5588967,322.7700174,315.3881584,318.8561401,27832294
05-04-2019,320.7387868,320.7387868,312.1183628,314.1495972,23117232
08-04-2019,315.3386318,316.3294837,308.2540464,309.9384766,17394139
09-04-2019,311.0779666,312.8119574,305.2814769,311.870636,25556039
10-04-2019,311.9697242,314.1495803,307.1640865,308.0558472,19237974
11-04-2019,308.1549402,312.5146825,305.875993,312.0192566,14897935
12-04-2019,311.7220411,313.5055626,308.3531504,312.3660889,14751964
15-04-2019,312.6137994,315.7845378,310.8798084,312.7128906,13864791
16-04-2019,313.7037415,316.4781149,311.8211288,312.8615112,14940726
18-04-2019,312.9110161,312.9110161,305.2319139,307.9567566,15691168
22-04-2019,305.9750582,309.4430398,303.5474891,307.213623,15665440
23-04-2019,307.2136272,310.8797914,301.8135023,302.45755,17324274
24-04-2019,303.0520583,309.0962609,300.8226416,307.9072266,15228591
25-04-2019,308.1549418,309.1457937,302.6061651,303.3988647,30842477
26-04-2019,304.0924584,310.6320873,303.7952149,309.6412354,14987906
30-04-2019,309.1457973,309.1457973,302.2098339,307.114563,18178758
02-05-2019,305.2319329,308.551293,302.8538943,305.3310242,16640100
03-05-2019,306.1732411,308.9476144,305.9750586,307.164093,12452689
06-05-2019,303.9933637,307.4613455,303.101603,305.9255371,10639216
07-05-2019,307.8577038,310.5329858,300.9712708,302.6557312,15219845
08-05-2019,301.1694438,302.5070697,294.0352981,295.5215759,22103678
09-05-2019,294.877551,298.2464416,293.3912731,296.5619812,12654440
10-05-2019,299.0391089,307.907246,289.7746672,305.2319336,60739833
13-05-2019,307.1641155,311.3257059,302.507099,304.0924683,40101505
14-05-2019,305.0337646,313.8523405,302.3089218,311.7715454,30521436
15-05-2019,313.3074027,314.9918329,308.1549604,309.2449036,27932459
16-05-2019,309.6412423,314.1991674,306.7182169,312.8615112,18147559
17-05-2019,312.7623949,319.00478,310.5825389,316.3294678,25838962
20-05-2019,328.9628302,342.6365743,327.9719783,341.5466614,53207071
21-05-2019,342.7356866,344.3705862,333.1739712,334.4620667,33457162
22-05-2019,335.7997278,339.4658922,330.4986637,337.9796143,32002499
23-05-2019,349.7707385,360.67011,336.0969937,339.0695496,74413322
24-05-2019,341.794389,353.7341428,340.3576416,352.0992432,35703403
27-05-2019,351.8019545,359.1838132,350.7615721,358.3911438,31374994
28-05-2019,357.6480165,358.3911555,353.3873351,356.7562256,23501608
29-05-2019,354.7249816,355.7158335,343.9742324,345.4605103,28370210
30-05-2019,346.5504789,351.7524518,344.321062,350.3157043,25712604
31-05-2019,351.1083812,354.6258934,341.4971055,349.2752991,32588069
03-06-2019,349.1266867,353.1891857,346.4513744,352.1983337,18380919
04-06-2019,350.7615776,353.9323158,348.1853566,349.1762085,18130636
06-06-2019,345.8073386,346.4018558,332.8271717,333.8180237,41941144
07-06-2019,333.9171082,339.6145069,332.9262562,338.9208984,29739710
10-06-2019,342.8347594,344.1228548,337.0382697,341.1502991,20500542
11-06-2019,341.8934485,345.1137173,339.7135924,343.9247131,16281297
12-06-2019,343.7760831,343.7760831,339.1685975,340.8530579,11564970
13-06-2019,339.8622184,344.2715216,336.69148,343.3302002,15509948
14-06-2019,342.3393371,343.1815672,339.4163118,340.6548767,10347594
17-06-2019,340.6053589,340.6053589,333.8675777,334.7593384,13779496
18-06-2019,332.4308144,340.8530556,330.7463541,336.9391785,21957480
19-06-2019,339.9613038,342.0420989,332.4308231,335.7501831,16416903
20-06-2019,337.8805241,343.0824969,332.5299294,341.9925537,20626861
21-06-2019,341.6457492,347.4918,340.0108495,346.2036743,24749090
24-06-2019,346.7981644,351.5047109,346.4513602,349.9689026,17919504
25-06-2019,349.4734828,353.734134,348.0367355,353.2882385,15922634
26-06-2019,352.495588,355.7158569,351.0588406,354.8736267,15835579
27-06-2019,354.8240977,359.6792664,353.9818675,358.8370361,29658120
28-06-2019,358.8865729,361.6609461,355.4185912,357.9452515,22708464
01-07-2019,359.4810576,359.67924,355.2204065,358.2424927,12348793
02-07-2019,358.8370193,361.6609533,357.0534979,361.1655273,14482172
03-07-2019,361.9086848,363.3454323,359.6792679,362.8004456,12626285
04-07-2019,363.8903797,367.5069833,362.8499973,364.0390015,19252646
05-07-2019,366.0702731,370.1823028,362.6518217,367.2592773,30019347
08-07-2019,364.6335144,365.0794098,350.2661612,352.0496826,27247892
09-07-2019,350.2661615,356.7066992,349.2753096,356.2112732,16579914
10-07-2019,357.2516636,358.1929851,348.0862829,350.9597778,18681819
11-07-2019,355.2204251,360.6701109,353.7341472,359.8774414,20048321
12-07-2019,359.679256,363.1967683,358.1929781,360.2737732,14661748
15-07-2019,360.769194,361.6609547,354.3286565,356.7562256,15665939
16-07-2019,355.2204169,362.6518064,354.3781867,361.0169067,16251836
17-07-2019,360.7196359,370.1327293,359.7287839,368.9932556,17545177
18-07-2019,368.5473925,370.3804444,359.23336,360.3233032,21691056
19-07-2019,361.7600447,362.7013359,351.9010559,352.7432861,22213173
22-07-2019,352.7432929,356.2608052,345.5100857,347.6404114,19682038
23-07-2019,347.9872171,349.7707385,337.8805151,339.0695496,27956145
24-07-2019,338.7227335,341.5466675,333.1739567,336.4933167,20823143
25-07-2019,338.5741299,340.0604078,334.3134483,338.1777649,19857643
26-07-2019,337.6823297,342.9833936,337.3850862,339.4658813,16139052
29-07-2019,340.8035287,343.3797195,333.7189133,340.6548767,17060483
30-07-2019,341.2493884,343.5283659,322.8690977,324.5535278,24437235
31-07-2019,322.1259861,330.1518932,320.9369516,329.1610413,22741445
01-08-2019,327.7738107,328.4674192,308.5017586,314.2486877,40853304
02-08-2019,312.6633205,319.3020407,304.241079,305.6282959,64472348
05-08-2019,295.7197745,300.079517,289.0315239,297.5032959,48815899
06-08-2019,296.0665402,301.4666952,294.5307318,298.6427612,30442970
07-08-2019,299.6336357,299.6831965,286.1580426,287.2479858,30820114
08-08-2019,287.3470754,292.7967613,282.9873327,291.6572876,32929233
09-08-2019,293.5894219,295.2738823,287.3965972,288.6847229,23377581
13-08-2019,288.2388241,288.8828718,279.9156739,280.7579041,24231272
14-08-2019,282.4423187,288.5856125,281.8973623,287.0993347,18523649
16-08-2019,285.3158354,290.1214433,281.6992015,288.2388306,20047399
19-08-2019,289.3287727,289.7251074,283.3836609,284.2258911,19831459
20-08-2019,284.6717486,284.7708398,278.0825893,281.1047058,23204417
21-08-2019,282.8882423,282.9873336,273.772392,274.8623352,28226325
22-08-2019,275.7540676,275.7540676,264.8546969,266.0932617,27728925
23-08-2019,264.6565569,272.7319941,260.2968144,268.6199646,35212444
26-08-2019,285.3653516,285.3653516,267.5300171,277.6367188,64066440
27-08-2019,281.4019653,285.3653733,280.0147786,283.0864258,45164811
28-08-2019,284.027692,284.027692,279.6184192,282.2937012,18979998
29-08-2019,280.6092852,281.6991981,270.7998266,271.9888611,27083514
30-08-2019,273.4256133,275.4073172,264.4088543,271.3448181,45702652
03-09-2019,269.511714,269.511714,264.507924,265.9446411,21241863
04-09-2019,267.2327796,273.326513,264.8051803,272.583374,27309675
05-09-2019,272.4842957,273.8219519,268.5704182,270.7998352,25085139
06-09-2019,272.5338217,274.4659951,269.6108265,271.4439087,16675146
09-09-2019,271.4439098,276.1504566,268.5208843,275.4568481,18616889
11-09-2019,275.9522526,283.2350201,275.9522526,282.6405029,20999669
12-09-2019,284.1267983,286.1580327,281.5505771,284.4240417,21964832
13-09-2019,282.3928045,289.8241941,279.4202487,289.0315247,27303181
16-09-2019,285.5635322,287.792949,281.2037596,282.0955505,18267680
17-09-2019,282.3928108,283.8295583,270.5025872,271.4439087,21533362
18-09-2019,274.6641614,280.3615599,271.8897579,277.8348694,25478758
19-09-2019,277.3890195,277.3890195,270.5521168,271.5429688,23387797
20-09-2019,271.9888489,304.8355837,265.9446463,298.940033,84481749
23-09-2019,304.7364972,313.1092081,297.651912,310.8797913,54178171
24-09-2019,310.285294,312.266998,298.0482659,299.8318176,40096711
25-09-2019,294.2830183,294.7784443,276.1504404,277.6862488,73063465
26-09-2019,278.9248327,287.2479833,274.4659988,279.271637,79005946
27-09-2019,280.1138413,283.433171,277.4385291,278.6275635,37851718
30-09-2019,278.8257295,279.2716249,267.6786452,268.3226929,41094131
01-10-2019,270.2548666,272.9797095,243.3036969,253.608551,79350077
03-10-2019,251.6763905,258.3151105,247.812074,251.8250122,56207921
04-10-2019,256.1352239,258.1169278,246.2762502,247.6634369,60029186
07-10-2019,249.1992667,251.0818793,244.5918111,246.821228,39160623
09-10-2019,247.8120857,259.6032182,242.1146868,258.5628357,60328507
10-10-2019,255.6397982,255.6397982,250.2892038,251.8250122,37577511
11-10-2019,253.856274,259.0086858,249.1992579,252.2213593,43272106
14-10-2019,254.5994217,257.0269909,251.6763964,253.1131287,28265136
15-10-2019,254.1039895,257.5224105,252.4690747,256.0856934,23444973
16-10-2019,256.9278951,259.553677,252.6672439,253.7076263,30892295
17-10-2019,254.054439,263.566624,253.2617695,263.0216675,37061013
18-10-2019,261.9812547,268.867688,260.7922505,267.1832275,33203721
22-10-2019,267.9263604,272.4842854,266.0437478,268.0254517,27574295
23-10-2019,268.2731596,275.2586536,266.1923645,272.9301758,31789622
24-10-2019,273.4751339,275.1100336,246.3753275,260.0986328,63943183
25-10-2019,263.3684464,281.5505865,261.1390294,278.9743652,105518180
29-10-2019,280.5597103,282.3927924,276.0017855,278.0825806,51033578
30-10-2019,280.4111132,288.3379291,276.6954182,287.2479858,51469048
31-10-2019,290.6664271,314.8927393,290.0719099,309.5421448,128449327
01-11-2019,309.5421364,312.1183575,305.7769112,310.6816101,44894016
04-11-2019,313.109204,316.0817597,309.4926006,311.4247437,31535656
05-11-2019,311.0284045,319.054311,309.9384614,316.2799377,50080853
06-11-2019,316.0322364,316.0322364,311.1275073,314.6450195,32157080
07-11-2019,315.3386237,320.3424138,313.9018763,315.2395325,33926772
08-11-2019,313.3074049,318.0634823,311.6229445,313.1092224,25423362
11-11-2019,311.8211108,316.7258097,310.2357417,315.338623,20491942
13-11-2019,313.1587586,315.6854493,302.8539039,303.9933777,32675829
14-11-2019,304.142005,306.6686653,296.9583287,303.2006836,43617772
15-11-2019,309.1458026,320.7387823,307.2136293,318.9552307,95199897
18-11-2019,321.0360334,326.8325233,320.7883204,322.1259766,39009263
19-11-2019,322.819547,328.7646586,319.153413,327.3774719,41372145
20-11-2019,328.9628526,329.4582786,322.1259801,325.7921143,29972583
21-11-2019,326.2379916,329.8050645,323.5626793,328.3187866,34116162
22-11-2019,328.4178925,330.7463704,325.2471542,326.2875366,28974967
25-11-2019,325.9902751,334.4125162,325.3462274,333.0253296,27561300
26-11-2019,334.9079464,336.8896503,329.5573522,332.4308167,36464072
27-11-2019,332.8767151,342.3888694,330.9940723,340.4071655,33971305
28-11-2019,343.6770145,347.7890442,341.3485063,346.1045837,42538227
29-11-2019,345.6587115,345.6587115,337.4841829,338.7227478,23081823
02-12-2019,340.7539758,341.1998712,333.124434,335.4033813,20648850
03-12-2019,337.8804967,339.81267,330.3004857,333.1739502,26482178
04-12-2019,331.0436451,339.812691,328.8142282,338.7227478,26789483
05-12-2019,339.862201,341.4475701,332.0840075,333.1244202,30429507
06-12-2019,333.6198719,334.5611631,315.0909279,317.0726318,47027528
09-12-2019,316.0322428,324.6526367,311.8706525,313.8028259,52435239
10-12-2019,314.298245,319.6983699,309.3935158,310.5329895,52155809
11-12-2019,308.3531376,312.8615019,305.1823993,309.9384766,52557951
12-12-2019,311.127507,319.9956439,310.6816115,318.9057007,37804216
13-12-2019,322.2250747,330.3996035,322.0268922,329.5078125,40955226
16-12-2019,332.8767078,334.1648032,327.7737963,328.814209,35027613
17-12-2019,330.2014185,332.6785484,327.6251973,329.8546143,26734601
18-12-2019,331.9353912,332.4803477,322.8195415,323.9590454,26449075
19-12-2019,324.3554018,326.5848188,321.5314676,325.1480713,27516289
20-12-2019,327.3279487,336.3942381,327.3279487,334.7593384,51839714
23-12-2019,332.6290216,335.7501993,327.3279574,329.3591919,30150335
24-12-2019,330.151868,331.1427199,326.1884604,328.4178772,21747782
26-12-2019,329.9536971,330.3995926,325.0985286,326.8325195,24616942
27-12-2019,330.3500393,335.2547686,329.9537046,334.1648254,33477173
30-12-2019,334.6602414,334.7593326,329.4582687,331.3408813,22775554
31-12-2019,331.3408861,333.2730595,329.5078039,330.6968384,23801635
01-01-2020,331.6381549,332.8767198,329.1114643,331.3904419,17379320
02-01-2020,331.4399678,336.7410316,330.3004941,336.1960449,20324236
03-01-2020,334.8584291,334.8584291,328.9628479,330.6473083,21853208
06-01-2020,328.6655878,328.6655878,314.7936612,316.0817566,35645325
07-01-2020,321.4819159,324.0085762,312.5146879,315.4872437,50966826
08-01-2020,309.2449086,318.5589111,308.1549654,316.8744507,44527485
09-01-2020,323.9094918,328.3683255,322.0268791,327.1793213,40348407
10-01-2020,327.9720063,334.8584397,325.0985416,329.2105713,42377838
13-01-2020,330.9445424,332.3812898,326.0398133,327.7242737,23615129
14-01-2020,326.7829722,328.6656151,323.5131727,324.9994507,26296117
15-01-2020,325.9902993,326.1884818,319.4011397,321.2837524,32625740
16-01-2020,321.0360157,323.9094801,319.4011161,320.3424072,26653623
17-01-2020,310.1366522,320.5405974,307.2631877,315.0909119,58396326
20-01-2020,318.0634659,318.5093613,310.5329852,311.1275024,30682902
21-01-2020,310.9293222,314.05053,309.1458009,310.8302612,30591772
22-01-2020,314.1000732,314.1000732,310.8302738,313.257843,24994911
23-01-2020,313.1092014,321.828686,311.2761193,320.2433472,33293610
24-01-2020,320.5406148,324.3058402,318.2121066,321.0855713,22706879
27-01-2020,317.9643897,319.0543329,312.9110386,313.3074036,23309355
28-01-2020,315.0413717,317.072606,308.2044694,312.2174377,26488426
29-01-2020,314.9423014,316.7753836,312.6633238,313.5551147,23914114
30-01-2020,313.8523384,313.8523384,302.8538763,307.8576965,35802330
31-01-2020,310.8302576,318.7570729,305.7769068,315.5368042,92656638
03-02-2020,300.2281235,304.0429094,292.6481126,295.3729553,56060158
04-02-2020,300.1290349,304.7364902,294.3821059,303.4483948,51141567
05-02-2020,304.0924389,310.7806892,301.8134917,308.1549377,35014841
06-02-2020,308.353133,320.5405997,307.2631898,319.0047913,57757656
07-02-2020,318.5589057,322.0268876,315.4872586,317.6175842,37126803
10-02-2020,316.8744296,319.8469854,313.6046304,315.5863342,24816396
11-02-2020,318.1130134,322.8195602,318.1130134,321.382843,30188757
12-02-2020,326.882059,326.882059,316.3294915,317.270813,38930849
13-02-2020,319.0543128,327.9224494,319.0543128,324.4544678,62516057
14-02-2020,325.0985119,328.863737,315.6358582,316.4780884,48205947
17-02-2020,318.013934,318.2120863,308.7989931,311.3256836,36950692
18-02-2020,312.5146939,316.2799494,306.5695823,314.6450195,38588583
19-02-2020,319.3515768,321.0360372,314.3477864,317.4194336,39846727
20-02-2020,316.4285597,326.188457,315.8340426,324.6526184,40150409
24-02-2020,322.7700092,328.2692252,318.9056928,319.995636,45273936
25-02-2020,322.9186336,325.1480504,319.2524997,323.8103943,39050709
26-02-2020,321.8782717,327.7738228,321.2342239,325.1976318,43915281
27-02-2020,324.9994333,326.9811372,315.090914,319.0047913,47010040
28-02-2020,309.1458172,311.7715689,298.3455367,300.2281494,59705346
02-03-2020,308.1549555,309.1458074,281.4514834,284.7708435,66711413
03-03-2020,290.3196027,291.7067893,282.6900311,287.1984253,61949382
04-03-2020,289.1305703,290.3196046,272.5833618,282.690033,73675736
05-03-2020,288.2388174,295.6702068,267.5300183,285.8607788,149245973
06-03-2020,265.5483218,271.8897682,251.6268489,268.0254517,106043172
09-03-2020,257.6710378,260.3463501,248.8524614,251.131424,101286241
11-03-2020,250.6855429,256.1352287,240.8761147,242.8578186,90845604
12-03-2020,229.7785505,229.7785505,206.6917132,210.6551208,99767083
13-03-2020,198.1703829,246.5239594,182.9608,239.7861633,155701316
16-03-2020,225.8151576,229.2831395,218.5819503,221.3067932,75583409
17-03-2020,225.1215624,227.7968596,210.1101612,213.1817932,65403057
18-03-2020,218.9782829,221.1086085,198.269483,213.2313385,101356399
19-03-2020,201.093394,217.7397093,196.3373017,201.7869873,93533467
20-03-2020,203.6696163,213.7267573,198.1703851,207.9302826,77391650
23-03-2020,188.2618711,197.6749646,178.6010645,179.9387207,61750037
24-03-2020,189.2031812,190.1940331,171.9623629,181.5240784,67491360
25-03-2020,176.3716485,193.4638448,174.835825,188.1627808,71567553
26-03-2020,189.7976903,199.161238,183.4066984,190.9867096,107260359
27-03-2020,200.1520976,209.9615261,193.2161338,194.1574402,114740377
30-03-2020,188.261863,193.2161226,184.5461684,185.1902161,60081554
31-03-2020,190.2435717,196.6841092,186.3297095,195.0492096,59543412
01-04-2020,192.2252734,192.7206993,183.555319,184.8434296,52954239
03-04-2020,185.8342849,186.4783326,173.39909,173.894516,64448494
07-04-2020,182.7130898,185.5865695,175.9753088,184.6947937,72130500
08-04-2020,181.226806,192.6216028,178.7992219,181.3258972,80435759
09-04-2020,186.2801684,188.2618724,181.9204259,186.0324554,62416005
13-04-2020,185.0911493,186.973762,181.4250001,181.8213348,51847146
15-04-2020,185.2893096,190.1940236,178.5019679,180.6818542,72190004
16-04-2020,180.3350514,188.1627756,178.6010606,186.775589,61165773
17-04-2020,194.2069747,196.1886785,184.5957142,191.482132,89851063
20-04-2020,192.2252763,195.5446364,188.3114142,190.7389984,81958510
21-04-2020,186.2801595,186.4783268,181.3258999,183.0598907,53042420
22-04-2020,183.8030318,187.7664394,179.6910023,186.9737549,61503413
23-04-2020,186.0324477,188.1627733,183.4562267,184.9920502,50955312
24-04-2020,182.3167574,182.3167574,177.3624976,178.1056366,65137305
27-04-2020,181.8213384,181.8213384,178.8487824,179.2451172,42996571
28-04-2020,180.3350512,183.6544112,179.5423666,182.6140137,49590230
29-04-2020,183.3076109,190.0454072,181.821333,188.3609619,57470466
30-04-2020,191.7298495,194.1078881,187.9646091,188.7572937,63063889
04-05-2020,180.7809405,181.8213381,176.3716522,177.2138824,58118177
05-05-2020,179.3442083,179.5919213,167.2558172,168.8411713,91050439
06-05-2020,169.5843053,171.714646,165.0263954,169.5347748,73156432
07-05-2020,169.2870643,170.9715096,167.2558147,169.187973,42942399
08-05-2020,170.8724174,172.2100736,164.5805165,165.125473,55932236
11-05-2020,166.4135769,167.3548832,163.4905668,163.9364471,54591827
12-05-2020,162.697887,166.9585534,159.378542,165.3731842,70752542
13-05-2020,176.9166122,176.9166122,168.9402513,172.5073242,81720683
14-05-2020,169.3861299,170.1788145,165.9676939,166.4135742,48136531
15-05-2020,166.4135854,166.710844,163.1933165,164.8777618,35495540
18-05-2020,164.87775,164.87775,153.5820444,153.879303,77349435
19-05-2020,156.0591769,156.4059811,151.0058261,151.4021759,71522334
20-05-2020,151.6003541,153.8297711,149.7672719,151.9966888,66168767
21-05-2020,152.2443971,154.721527,150.1140714,150.5599518,61147471
22-05-2020,150.6094901,154.176563,148.0828147,149.4700165,87064198
26-05-2020,151.0058361,151.7985207,148.8259648,150.0149841,48275988
27-05-2020,150.5599497,159.3289954,149.420476,157.1491241,88195120
28-05-2020,157.9913421,160.9143523,155.2664992,156.7527771,76968678
29-05-2020,154.6719902,160.4189192,153.7802144,159.8244171,58363280
01-06-2020,162.4997125,169.8320105,161.8556648,168.4943695,92740893
02-06-2020,168.3457312,169.7329329,165.6704341,168.6925354,70419104
03-06-2020,170.9219644,178.2542629,170.4265384,173.3000031,113168889
04-06-2020,173.299994,176.0248368,169.9311035,172.4577789,83494674
05-06-2020,174.9349162,188.0637046,174.3899446,186.0820007,201321234
08-06-2020,195.1978273,195.6932532,184.1002888,185.0911407,151741826
09-06-2020,185.982903,189.2527174,181.6727062,182.7626343,96654191
10-06-2020,182.8617325,187.2710207,182.1185936,185.9829102,67333317
11-06-2020,186.2801688,188.6582074,174.7367495,175.5294189,91726802
12-06-2020,168.4448342,178.3533539,168.2466668,177.5111237,92758901
15-06-2020,176.2230218,176.2230218,170.4265319,172.1109772,63613412
16-06-2020,176.3716494,177.3129557,167.8503165,171.3182983,63925976
17-06-2020,169.4356853,174.5881125,167.7016944,171.3678436,73866905
18-06-2020,170.8228694,178.997398,169.534774,178.006546,58261857
19-06-2020,178.6506045,183.2580599,177.85792,182.8121796,76895151
22-06-2020,183.3076129,189.9958636,182.5644739,185.9829102,80023958
23-06-2020,187.8655342,191.333516,186.1315433,190.6894531,65487085
24-06-2020,193.0179567,193.1170328,182.2176617,182.9112701,74668987
25-06-2020,180.5332268,185.091152,178.7496902,183.5553284,73620385
26-06-2020,186.2801606,186.8746778,182.1185856,182.9112701,49176958
29-06-2020,181.3259091,181.4250003,176.8670753,177.6102142,50966428
30-06-2020,179.4432868,181.2268081,175.6285009,176.8175201,43613239
01-07-2020,177.8083723,183.7039381,176.9661572,183.109436,54012853
02-07-2020,183.9516616,186.2801698,182.3167619,183.7534943,52127276
03-07-2020,184.9425037,185.1406861,181.7222349,183.0103455,38048810
06-07-2020,184.8929796,188.1132484,184.4470841,186.3297119,43773740
07-07-2020,185.2893104,187.4691817,182.3663003,186.8746796,55124494
08-07-2020,187.1719296,195.6437169,186.6765036,190.1444855,143063102
09-07-2020,191.0362553,199.1612381,190.7885423,197.2786255,89539723
10-07-2020,196.1886769,200.6475105,193.0179539,193.8106384,111406477
13-07-2020,196.9813671,197.9722191,189.8472363,190.9371643,61949761
14-07-2020,190.5408319,190.5408319,182.9112749,184.3480072,62239932
15-07-2020,186.2306209,188.2123247,181.3259067,182.1185913,58527305
16-07-2020,183.3076082,185.2397664,179.9882481,184.5461731,46546803
17-07-2020,185.0911458,187.7664431,183.3076093,186.4783325,47035238
20-07-2020,188.2618659,191.4821347,187.023301,189.0050049,45672856
21-07-2020,190.6894543,194.4051491,189.7481479,192.6216125,59281860
22-07-2020,193.9097253,194.9501229,188.3609634,190.243576,62276152
23-07-2020,190.6399113,197.2786316,189.4013464,196.4364014,70801412
24-07-2020,193.9097256,194.5042428,188.9059202,190.1940308,65265493
27-07-2020,191.2344169,191.4325843,184.7938796,185.4379272,50697767
28-07-2020,186.2801713,188.7573013,184.0507544,187.7169037,51488617
29-07-2020,185.8838242,193.4638352,185.289307,189.450882,73763368
30-07-2020,190.7389955,191.7298474,184.3480036,184.8434296,48472816
31-07-2020,186.2801571,193.0674987,184.9920466,189.6985931,145892485
03-08-2020,190.2435742,192.8197954,188.311416,190.4912872,72454278
04-08-2020,191.5812352,192.0271156,188.757301,189.8472443,43866676
05-08-2020,190.9867036,195.0492025,189.2527128,189.6985931,68888892
06-08-2020,190.5408269,192.7206981,188.5095775,189.2031708,59740172
07-08-2020,189.6985989,190.3426617,187.8159863,188.9059143,44822338
10-08-2020,190.0949565,193.7115602,189.9463197,192.0271149,48784530
11-08-2020,193.2161252,194.9996616,191.9775603,193.2656708,43890305
12-08-2020,194.2069787,202.3815071,192.819792,201.4402008,157818228
13-08-2020,203.6200667,205.4036031,198.9135201,200.0529938,70443118
14-08-2020,201.1429455,202.1337974,192.8197952,194.7024078,56169088
17-08-2020,196.63456,196.8327274,189.7481422,191.3335114,54787889
18-08-2020,192.0271055,193.9592638,189.9463105,193.3152161,46294169
19-08-2020,194.6033127,198.4676443,194.1078867,195.2473755,59296062
20-08-2020,192.2252754,194.5537835,191.4821364,192.9684143,37504602
21-08-2020,197.1795392,199.6566691,195.841883,196.585022,68041871
24-08-2020,198.1703844,200.9447728,196.7831978,199.6071167,53850253
25-08-2020,202.1337911,206.5430792,200.8456806,206.0476532,105394375
26-08-2020,206.5926264,208.4257086,204.2641184,207.9302826,66749637
27-08-2020,208.5743341,214.5194458,208.5743341,213.6772156,80997993
28-08-2020,215.0148667,223.8334427,214.8166993,222.7930603,95974037
31-08-2020,229.4317661,229.4317661,208.4257083,210.0606079,119986476
01-09-2020,211.150553,216.8974821,209.2679252,216.1048126,75048313
02-09-2020,216.2534324,216.9965713,210.3578664,214.2717285,47608088
03-09-2020,215.5103006,216.2534395,210.3578734,211.2000885,38594129
04-09-2020,208.0789126,210.3578751,204.0164135,204.710022,54435758
07-09-2020,205.6017732,207.7320988,203.5209781,205.9981079,35687359
08-09-2020,205.9981051,206.5926223,201.0438456,202.1833344,34146789
09-09-2020,199.2603295,199.5575729,190.7389968,193.0675049,72715826
10-09-2020,195.8914304,199.6071253,193.4143005,196.3373108,67789617
11-09-2020,196.7336583,201.9851767,195.1978348,200.8456879,48487971
14-09-2020,204.0164109,204.3136696,195.5446389,196.6841125,63605531
15-09-2020,198.0713025,199.1612457,195.2969291,198.3190155,51761038
16-09-2020,198.0217709,198.2199383,194.4546978,196.3868561,52404964
17-09-2020,195.197826,196.188678,193.2161222,193.6620026,41223296
18-09-2020,194.2069795,195.3959988,187.9646093,190.838089,55286316
21-09-2020,191.2839727,191.729853,182.5644725,184.100296,57611375
22-09-2020,184.4470822,186.5774229,179.4928225,184.4966278,51210889
23-09-2020,186.4287882,187.2214728,179.3442028,182.1185913,44320497
24-09-2020,179.4432867,180.13688,173.8945099,174.7367401,46114798
25-09-2020,177.3624952,181.07819,174.5385612,180.5332184,46550127
28-09-2020,182.3167641,186.4287938,181.6727164,185.5370331,41921548
29-09-2020,186.7755832,187.2214636,181.5736108,183.3571472,35688726
30-09-2020,183.3571599,185.0911508,180.7313931,183.703949,37641083
01-10-2020,185.2893134,189.4508885,185.1902221,188.5591278,43588724
05-10-2020,190.2435689,192.0271054,185.3388549,187.0233002,41694686
06-10-2020,189.3518183,190.3426702,186.5774297,189.8472443,31098726
07-10-2020,190.7885417,191.3830438,187.3701056,188.9554596,34578053
08-10-2020,189.5995319,194.0088202,188.8068473,189.7481537,43351606
09-10-2020,190.2435763,196.9813726,188.806844,196.4859467,64907230
12-10-2020,197.8731304,204.065955,195.4455461,196.8822784,69122798
13-10-2020,196.8327393,198.1703955,193.3152269,193.909729,34948525
14-10-2020,192.2748283,199.0621553,191.2839764,198.2199402,40548275
15-10-2020,199.1612373,200.6475152,190.24357,191.0858002,49184123
16-10-2020,192.2252819,194.9501248,189.8472432,194.1574402,36893126
19-10-2020,194.4051412,202.7283063,194.2565194,202.1337891,60220779
20-10-2020,199.1612401,202.4806002,198.8639815,201.1924896,39316753
21-10-2020,202.8273842,205.4036052,197.0309095,201.8860779,54515523
22-10-2020,200.052999,202.7283113,199.2603296,201.4402008,33721637
23-10-2020,202.1337978,203.7191669,199.7062135,200.9447784,32707020
26-10-2020,200.8456854,202.1337959,193.8106457,194.9005737,45470123
27-10-2020,195.4455448,195.7428034,190.4912851,192.8693237,37794381
28-10-2020,193.2161278,193.2161278,187.3205617,188.7077484,46458319
29-10-2020,187.6178177,188.9554587,184.1993665,186.9737549,44822673
30-10-2020,187.6178138,190.2435653,184.4470756,187.5187225,41519686
02-11-2020,190.4417446,195.4455501,188.311419,194.2565308,52600119
03-11-2020,196.1886872,203.9173354,195.7923524,202.8769379,69890201
04-11-2020,201.6383719,207.0880577,196.2382318,205.1063538,117577856
05-11-2020,214.0240135,218.9782731,212.7854486,216.649765,138023646
06-11-2020,216.9965806,219.8205147,215.0644222,217.1947479,73147085
09-11-2020,220.4645603,220.613182,215.0644201,217.4920044,60359458
10-11-2020,221.0590807,232.8502131,220.9599894,229.5803986,135294550
11-11-2020,230.6207933,237.1604223,225.6665335,232.0575256,107094861
12-11-2020,231.066666,231.2153029,223.5857309,224.7252197,58859905
13-11-2020,222.9416794,228.5399867,218.0865111,227.3509674,70676525
17-11-2020,229.7290349,239.3898416,228.8868047,238.0026398,80501583
18-11-2020,237.2099465,250.6855388,235.7236686,249.6946869,104514060
19-11-2020,245.7312758,249.4965161,236.8136085,237.5567474,82284278
20-11-2020,239.2907472,243.1550638,231.8098119,240.5293121,84411129
23-11-2020,241.2724498,243.8982014,235.9218553,236.5163574,57538324
24-11-2020,238.2998874,242.7587211,237.3090355,241.6192474,47636611
25-11-2020,243.2046076,247.6138957,239.3898366,240.7770233,74767232
26-11-2020,241.7678728,243.9972897,237.9530868,243.2046051,64248318
27-11-2020,243.2045985,243.997283,239.835708,242.0155792,54355703
01-12-2020,242.7587214,246.6725834,242.0155824,245.7808228,37003272
02-12-2020,246.0780893,248.5552192,241.8669684,244.6908875,56723083
03-12-2020,247.0193891,256.6306498,245.7312786,253.9553375,79266442
04-12-2020,254.6489401,261.9317077,251.2305041,261.0894775,79252024
07-12-2020,261.3867379,268.9667797,260.5940685,267.1336975,76053084
08-12-2020,268.471337,271.1961798,262.823469,269.4126282,65617502
09-12-2020,269.610822,272.3851953,266.7373574,267.8768311,48495641
10-12-2020,266.5391805,268.5208844,263.1207291,267.084137,38676657
11-12-2020,267.5795423,273.7228362,267.5795423,269.9576111,50255223
14-12-2020,271.4934374,273.6237631,269.8585377,271.6916199,31946501
15-12-2020,271.5429628,271.5429628,265.6969424,268.1740723,34890948
16-12-2020,270.304407,271.1466373,266.0437556,266.9355164,24844177
17-12-2020,267.5300154,269.660341,264.2602162,265.2510681,25904699
18-12-2020,265.2510716,269.4621923,262.5757594,268.9667664,29816205
21-12-2020,265.9942088,266.5391653,248.7533764,252.3699799,55160758
22-12-2020,252.4690819,256.3334136,245.9789985,255.0948486,51189571
23-12-2020,254.5994132,261.4858159,253.261757,260.5940552,29056404
24-12-2020,262.5757619,266.3905479,262.2289576,264.408844,28585509
28-12-2020,266.2914575,273.4751341,265.5483186,272.6824646,36870242
29-12-2020,273.7723884,277.3394615,272.1870494,275.3577576,45032526
30-12-2020,275.4568255,276.1504339,270.0071401,274.3668823,30971894
31-12-2020,272.4842839,274.7137008,270.1062453,272.4347534,29467966
01-01-2021,272.3851909,277.4385419,271.889765,276.8440247,24531791
04-01-2021,279.271612,281.3028463,275.2091132,278.4789124,31450608
05-01-2021,275.506382,279.8661549,274.4659995,279.1725464,27393072
06-01-2021,280.4110875,286.5048206,278.8257184,282.4423218,40765708
07-01-2021,286.3562107,289.130584,284.3745068,285.0681152,30546600
08-01-2021,287.4461662,288.7342616,282.5909975,283.383667,32543357
11-01-2021,285.3653657,285.5635482,277.0422153,279.9156799,29703173
12-01-2021,277.4385392,291.1618444,275.3577441,289.8241882,44307145
13-01-2021,293.2921883,305.1824122,291.8059103,303.9933777,78042133
14-01-2021,303.8943135,306.420974,301.0208186,304.43927,40123498
15-01-2021,303.9933687,308.0558677,298.5436829,301.0703735,35307601
18-01-2021,300.7235765,305.8264582,289.5269612,291.7563782,54969750
19-01-2021,294.9270867,299.7327249,293.6885217,295.8684082,35803901
20-01-2021,296.0665621,301.912613,294.1344189,299.7822571,33759304
21-01-2021,301.2189995,302.3584732,288.8333498,292.15271,29995203
22-01-2021,292.7967465,295.2738764,279.8165802,281.1047058,44440810
25-01-2021,281.8973644,285.3653461,274.5155057,278.3798523,34034630
27-01-2021,277.6367208,282.2441762,270.2053314,273.1283264,39211107
28-01-2021,269.4126442,280.7579113,267.0346055,279.7670593,48717297
29-01-2021,282.9873301,287.9911204,276.5467922,279.5193481,42300984
01-02-2021,282.4918819,311.0284045,280.1633739,307.8576965,103414068
02-02-2021,312.1183688,334.3134468,312.1183688,330.0527954,121434166
03-02-2021,330.6968227,336.7905559,322.819538,332.876709,66420168
04-02-2021,331.3408846,354.7249966,328.0710853,351.851532,145203439
05-02-2021,383.4597033,404.6143984,381.6266212,389.5039063,214955688
08-02-2021,394.3590766,404.0694136,391.1388077,393.4177551,79389205
09-02-2021,393.1204973,399.8087477,385.441395,391.188324,63869990
10-02-2021,390.4452036,394.2599897,384.4505613,388.6616821,54163507
11-02-2021,388.2157712,393.3186828,384.698259,386.5808716,36392708
12-02-2021,387.4231106,395.6967304,382.0229554,389.5534363,53589755
15-02-2021,393.8636406,405.7043332,392.0801192,403.2272034,56608937
16-02-2021,408.2309961,411.9466909,396.6380164,398.669281,80365431
17-02-2021,399.3133221,411.0549234,396.4893881,407.9832764,74161370
18-02-2021,421.1616007,423.7873825,409.9154555,411.4017334,67154539
19-02-2021,411.203541,411.203541,391.3865029,395.8948669,66155518
22-02-2021,396.9352911,397.3316259,382.1220426,385.9368286,52535049
23-02-2021,388.4139452,396.0435169,385.4413895,391.9810181,45462768
24-02-2021,393.3682194,406.7447206,391.584698,402.5335999,39632090
25-02-2021,407.2401393,411.1044557,402.8308361,403.5244446,46988836
26-02-2021,395.8453431,397.331621,383.4596941,386.5808716,64450414
01-03-2021,391.4855968,394.0618179,387.4230979,391.3369751,29677890
02-03-2021,391.386511,395.8948752,386.9772078,390.5938416,30534337
03-03-2021,392.8728018,405.1593601,392.3773758,401.344574,46268223
04-03-2021,395.0526953,399.8087727,390.8415744,392.0305786,43603653
05-03-2021,391.3865262,391.3865262,374.641134,380.1403503,72179228
08-03-2021,384.8964455,389.8011444,382.5183767,386.0359192,39147858
09-03-2021,389.8507198,391.287437,378.7531656,384.0542297,28054083
10-03-2021,387.522211,389.4048237,382.1716164,384.1533203,22677399
12-03-2021,388.1167145,389.6029924,374.046605,377.613678,35336355
15-03-2021,379.0008748,382.4688567,365.9711776,380.3880615,42722585
16-03-2021,382.0724991,384.3019159,372.6594061,375.0869751,38196452
17-03-2021,374.7402151,376.1769323,362.7013399,364.782135,33143064
18-03-2021,368.1015028,371.5694847,357.7966485,363.7417603,39405038
19-03-2021,360.6205837,369.4886906,353.9818635,367.7546997,60309145
22-03-2021,368.5969295,369.389599,360.1746878,363.6426697,28461974
23-03-2021,365.3271196,374.4925,363.6921897,369.2905273,41032380
24-03-2021,365.1289381,365.6738946,355.3690405,356.558075,42318999
25-03-2021,356.7066998,357.54893,342.0421031,351.9506226,57495003
26-03-2021,356.7066852,358.6883891,351.3065303,353.932312,40718848
30-03-2021,356.8057809,360.9673408,353.0405255,357.4993591,39405124
31-03-2021,357.0039385,364.4848887,354.6754606,360.9673462,38651025
01-04-2021,364.3362822,368.4978423,359.7783571,367.2592773,31883453
05-04-2021,364.1381015,365.822562,345.8568704,350.3157043,51743981
06-04-2021,352.4460514,353.7341468,346.1045747,347.3431396,44147709
07-04-2021,348.0367513,359.8774443,344.4201477,355.2699585,48023602
08-04-2021,357.6975488,359.9764961,351.0588287,352.3469543,33370259
09-04-2021,351.1579081,361.1655183,347.9872001,349.7707214,46473100
12-04-2021,340.853076,340.853076,319.5992893,325.8416748,75501713
13-04-2021,328.9628559,339.1190887,327.4765779,337.8805237,49773360
15-04-2021,338.9704547,344.3705796,333.0253431,339.5649719,52992349
16-04-2021,339.8622048,342.3393346,335.551993,336.7905579,37766793
19-04-2021,324.1571978,329.0123661,318.3607081,328.1206055,53304377
20-04-2021,332.0344947,336.790572,323.7113444,326.4857178,41296147
22-04-2021,323.017745,334.5611645,320.3424325,333.5703125,49105833
23-04-2021,328.6160542,336.7905831,328.6160542,333.3721619,44223940
26-04-2021,336.146509,344.2715068,336.146509,341.1502991,49234985
27-04-2021,340.8530539,351.7028943,339.2676848,349.8202515,46003023
28-04-2021,353.7341456,360.9673527,352.7928242,360.075592,56696255
29-04-2021,361.6609596,366.5656888,352.2478661,356.1121826,63692926
30-04-2021,350.2166438,359.1838421,347.2440879,350.2661743,53832840
03-05-2021,346.4018482,349.2753129,338.2768501,347.3927002,43691860
04-05-2021,351.7524361,359.5801603,346.9963589,348.2844543,57749307
05-05-2021,353.2387164,354.1800378,344.8164749,352.1487732,40872501
06-05-2021,354.7249931,356.0626493,347.3431341,352.2973938,36294427
07-05-2021,354.2295783,358.6884122,349.7707445,354.9727173,38357618
10-05-2021,357.2021094,363.6426468,355.5176491,358.3911438,41739324
11-05-2021,353.585515,363.0481388,351.50472,361.3141479,41892770
12-05-2021,359.4810745,370.0832024,358.5893138,364.3362732,53436590
14-05-2021,366.6152117,369.0923415,356.260797,357.1525879,51722170
17-05-2021,361.0664539,381.6761931,360.3233149,379.5953979,106555796
18-05-2021,386.4322456,388.9589059,376.573257,378.7531433,70917710
19-05-2021,378.5054453,385.9368349,377.7127758,380.8834839,48189573
20-05-2021,383.4597039,384.2523733,378.5054441,381.0321045,42898608
21-05-2021,386.4322617,400.7005238,374.5420383,397.5298157,192810772
24-05-2021,413.1852466,415.3651329,401.5922672,408.2805176,142964052
25-05-2021,411.302632,411.6989668,404.7630034,408.5777893,56048127
26-05-2021,410.0145282,414.9192575,407.0419723,409.7668152,52357719
27-05-2021,409.9154448,425.1745581,408.2309845,421.3102417,73392997
28-05-2021,426.5617675,429.6829451,416.2073525,418.1890564,65137568
31-05-2021,417.1486576,422.1029172,414.1761018,420.4680176,38291043
01-06-2021,422.1524496,431.3673906,421.7065843,428.5929871,59299647
02-06-2021,426.8589931,433.9436084,425.2240934,433.25,38657806
03-06-2021,437,441.9500122,433.5,439.6499939,38909199
04-06-2021,437.5,441.8999939,431.75,433.6000061,36898769
07-06-2021,435.1000061,437.3999939,430.7999878,432.25,20201197
08-06-2021,432.25,432.5,424,427.2000122,31113823
09-06-2021,427.5,432.2999878,418.2000122,421.4500122,27784834
10-06-2021,424.8999939,433.2999878,422.3999939,432.25,27397712
11-06-2021,434.8500061,435.5,425.25,429.6000061,26831924
14-06-2021,427,432.4500122,416.7000122,430.3500061,30106015
